{"classes":["PLANTES","BIENFAITS","RISQUES","ESSAIS CLINIQUES","CONFIRMÉ PAR","PAYS","MÉLANGE_PLANTES","COMPOSITION_CHIMIQUE"],"annotations":[["La planète entière vit sous la menace du Covid-19 depuis bientôt deux ans. Si les scientifiques et les dirigeants misent sur la vaccination dans la majorité des pays, la pandémie semble avoir réveillé les ambitions la médecine traditionnelle africaine. Qui entend bien apporter des preuves scientifiques son efficacité. Une démarche soutenue et encadrée par l'OMS. En mars 2020, la campagne du président malgache présentant la boisson Covid Organic à base d’Artemisia.\r",{"entities":[[358,364,"CONFIRMÉ PAR"],[379,412,"CONFIRMÉ PAR"],[424,448,"MÉLANGE_PLANTES"],[456,467,"PLANTES"]]}],["L’Organisation mondiale la santé avait sonné l’alerte en mettant en garde contre remède sans preuve scientifique. Mais en quelques mois seulement, le vent semble avoir complètement tourné.Aujourd’hui, non seulement Madagascar persisté dans sa recherche et son remède \r",{"entities":[[81,113,"RISQUES"],[215,225,"PAYS"]]}],["CVO+ curatif(version améliorée du Covid Organics).\r",{"entities":[[0,12,"MÉLANGE_PLANTES"],[13,48,"ESSAIS CLINIQUES"]]}],["\r",{"entities":[]}],["Des extraits cette plante aux propriétés antivirales sont dosés pour chaque capsule à 150 mg d’artémisinine, 3,3 mg d’extrait flavonoïde, 4 mg d’extrait terpénique. Il y aussi 7,1 mg d’huile essentielle ravintsara.\r",{"entities":[[93,107,"COMPOSITION_CHIMIQUE"],[143,164,"COMPOSITION_CHIMIQUE"],[183,213,"COMPOSITION_CHIMIQUE"]]}],["l’urgence la valoriser dans des traitements anti-Covid. Un enthousiasme palpable chez cette quarantaine chercheurs issus toute l’Afrique.\r",{"entities":[[127,136,"PAYS"]]}],["De fait, les pays n’en sont pas tous au même stade. Si Madagascar et la Guinée équatoriale terminent leurs essais cliniques phase 3 avec des résultats jugés encourageants.\r",{"entities":[[69,90,"PAYS"]]}],["Ce phytomédicament béninois à base Dichrostachys glomerata ou  mimosa clochette « confirme une efficacité virologique, avec une évolution positive au bout trois semaines traitement sur les patients souffrant d’une forme modérée à légère du Covid-19 », rapporte le Pr Sylvin Ouedraogo, directeur recherche en pharmacologie. Au Ghana, c’est la plante nibima(Cryptolepis sanguinolenta).\r",{"entities":[[35,58,"PLANTES"],[63,79,"PLANTES"],[264,283,"CONFIRMÉ PAR"],[349,355,"PLANTES"]]}],["Les scientifiques disent tous buter sur deux problèmes majeurs : ils n’arrivent pas à recruter assez patients pour leurs essais et les fonds manquent cruellement pour pousser les investigations plus loin.\r",{"entities":[[65,127,"RISQUES"],[131,203,"RISQUES"]]}],["L’OMS, consciente qu’il faut nombre important patients pour valider les essais, incite les équipes à mutualiser leurs cohortes entre pays. Concernant le financement, l’institution n’a pas vocation à investir l’argent mais elle s’efforce mobiliser les États africains. Encore faut-il qu’ils aient les moyens financer ces projets cliniques très coûteux.\r",{"entities":[[166,216,"RISQUES"],[320,350,"RISQUES"]]}],["la médecine traditionnelle commence à être intégrée au système santé publique dans certains pays. C’est le cas la Tanzanie.\r",{"entities":[[114,122,"PAYS"]]}],["les autorités ont donc décidé d’intégrer pleinement la médecine traditionnelle au système santé publique en soutenant la prise cures préventives : des sirops à base d’ail, oignon et gingembre et des tisanes feuilles mélisse, manguier et mûrier.L’université Maputo et le ministère la Santé local ont aussi développé ensemble nouveau complément alimentaire. Lancé l’été dernier, Ekume contient des farines banane verte, sorgho, maïs et mil et l’arachide.\r",{"entities":[[151,170,"MÉLANGE_PLANTES"],[172,191,"MÉLANGE_PLANTES"],[195,256,"MÉLANGE_PLANTES"],[377,416,"MÉLANGE_PLANTES"],[418,424,"MÉLANGE_PLANTES"],[426,451,"MÉLANGE_PLANTES"]]}],["Un mélange ultra-protéiné destiné à « hâter la guérison des malades du Covid-19 en complément d’autres traitements », selon la Direction la pharmacie du Mozambique. Des recherches sur d’autres traitements naturels anti-Covid sont en cours, en partenariat avec l’université Zambie.\r",{"entities":[[137,164,"CONFIRMÉ PAR"],[260,279,"CONFIRMÉ PAR"]]}],["Ce programme ne prend pas en considération les savoirs des thérapeutes traditionnels dont la spécificité exige d'autres moyens d'approche. TRAMIL est étroitement lié à la recherche appliquée.\r",{"entities":[[139,145,"CONFIRMÉ PAR"]]}],["L'un ses objectifs principaux est la diminution du coût la thérapeutique médicamenteuse.\r",{"entities":[[34,87,"BIENFAITS"]]}],["Les principes méthodologiques appliqués ont été ceux des essais classiques :randomisation (85,4 %), comparaison (87,5 %)versus placebo (95,2 %), double ou simple insu (81,3 %).\r",{"entities":[[76,89,"ESSAIS CLINIQUES"],[100,111,"ESSAIS CLINIQUES"],[120,134,"ESSAIS CLINIQUES"],[145,166,"ESSAIS CLINIQUES"]]}],["L'Herboristerie principale se digitalise et devient la 1ère plateforme vente en ligne plantes médicinales au Maroc. \r",{"entities":[[0,15,"CONFIRMÉ PAR"]]}],["l’Herboristerie principale livre partout au Maroc, les catégories produits notamment, plantes médicinales, huiles essentielles et aromathérapie, compléments alimentaires.\r",{"entities":[[145,169,"MÉLANGE_PLANTES"]]}],["On boit plus boissons chaudes à base citron, gingembre et miel sans oublier les soupes ».\r",{"entities":[[45,62,"MÉLANGE_PLANTES"]]}],["Issu d'un arbre à feuilles persistantes qui pousse en Asie et en Amérique du Sud, le clou girofle.\r",{"entities":[[82,97,"PLANTES"]]}],["Ainsi, ces cliniciens se sont lancés dans une initiative peu commune en proposant traitement comportant du miel et une plante, la Nigelle ou Nigella Sativa. Le mélange est présenté sous la dénomination HNS (Honey – Nigella Sativa).\r",{"entities":[[141,156,"PLANTES"],[207,229,"MÉLANGE_PLANTES"]]}],["L’un des principes actifs Nigella Sativa est la Thymoquinone (TQ).\r",{"entities":[[48,60,"COMPOSITION_CHIMIQUE"]]}],["Cette dernière reste apport étranger qui essaie supplanter art guérir accepté depuis des millénaires par une population qui vit la souffrance et la douleur d’une manière très particulière.Il y quelques années, parler médecine traditionnelle, c’était faire preuve charlatanisme.\r",{"entities":[[263,276,"RISQUES"]]}],["l’association Maison l’Artemisia, qui lutte pour développer les recherches sur les vertus l’armoise annuelle.\r",{"entities":[[90,108,"PLANTES"]]}]]}